time,value
0.0,0.043528465612924755
0.02,0.06825566957126616
0.04,-0.03586099451835106
0.06,0.0135886834133672
0.08,-0.03264261849035889
0.1,-0.028281812856155532
0.12,0.03485226167394171
0.14,-0.0017342217829535629
0.16,0.07828416188689552
0.18,-0.021700461541631445
0.2,0.044970134961352014
0.22,0.0043836035831001895
0.24,0.03581001043849049
0.26,-0.0201220945798476
0.28,-0.002230147689821222
0.3,-0.005197449568452064
0.32,-0.03762257016806042
0.34,0.02979366905617887
0.36,0.029261205251026386
0.38,0.0267099612707505
0.4,0.069163454426294
0.42,0.06522051605563366
0.44,-0.01687251104321109
0.46,0.01678735432953802
0.48,-0.028062031016619568
0.5,0.0010509892251549956
0.52,-0.026988725210348914
0.54,0.0729031639111223
0.56,0.016366416765433326
0.58,-0.009811310764698995
0.6,0.05371283573353696
0.62,-0.09767769344079352
0.64,-0.09063461676893804
0.66,0.035812739484889826
0.68,0.0027210801652815626
0.7000000000000001,0.011270083511734228
0.72,-0.05968782464933469
0.74,-0.001045516988266479
0.76,0.09015792346806038
0.78,0.037088982890813825
0.8,0.007636794531426545
0.8200000000000001,-0.019757425954722196
0.84,-0.017755778334122722
0.86,-0.09581390501400079
0.88,0.011593818941452226
0.9,0.038046739881683424
0.92,-0.07090286972267767
0.9400000000000001,-0.029763760153806718
0.96,-0.052085908450503995
0.98,-0.04344080376639436
1.0,0.0024066732069855097
1.02,-0.09379809697448134
1.04,0.027642169726067877
1.06,0.0339234781470157
1.08,-0.011299616461661062
1.1,-0.11163188294930437
1.12,-0.04483883817010753
1.1400000000000001,0.055480587034621345
1.16,-0.12500974263278575
1.18,-0.015638553548708366
1.2,-0.05310003503102666
1.22,0.036205663571317645
1.24,-0.03038012784645576
1.26,0.018177930933102517
1.28,0.025445718862609188
1.3,0.08263016278785089
1.32,-0.00913238746539166
1.34,0.016921996633017508
1.36,-0.06682749656073461
1.3800000000000001,0.05356861034821848
1.4000000000000001,-0.03422289816321141
1.42,-0.02523393738394855
1.44,-0.0010011507682144833
1.46,-0.07032979554029323
1.48,0.01029465130180221
1.5,0.04353598228162548
1.52,0.013182022057378121
1.54,-0.07150039038804262
1.56,-0.005571418244834681
1.58,0.03339130063407708
1.6,-0.08450949446846585
1.62,-0.04836447062179713
1.6400000000000001,0.0394444621836684
1.6600000000000001,0.012154294538877893
1.68,0.018538721195703923
1.7,0.08367726634304902
1.72,0.021084875032779116
1.74,0.02960496046949307
1.76,0.12198354872482467
1.78,-0.00962120511407208
1.8,-0.03590472436283228
1.82,0.01925083792112097
1.84,0.01975459632250027
1.86,-0.023702192637579368
1.8800000000000001,-0.046457865879968134
1.9000000000000001,0.1039429989940535
1.92,0.01470795616746103
1.94,-0.0329528421630934
1.96,0.041216863602581935
1.98,-0.004911531820260053
2.0,-0.011379665084302406
2.02,0.025302279236152195
2.04,-0.05813470207042604
2.06,0.015868224176272757
2.08,0.08608296634792885
2.1,0.020977994798878984
2.12,-0.0169295446702559
2.14,-0.022819737619270888
2.16,-0.01846529880052992
2.18,-0.011428320512150147
2.2,-0.01700129397412224
2.22,0.0412340148483555
2.24,-0.07799440964440424
2.2600000000000002,0.03879000226854603
2.2800000000000002,-0.01708589363141525
2.3000000000000003,0.01696265035629175
2.32,-0.05071445595903887
2.34,0.05978839800822462
2.36,0.056053573207734284
2.38,0.04318157365875331
2.4,-0.06816396491070927
2.42,0.03731044819797238
2.44,0.018218478943606897
2.46,-0.07223720612096554
2.48,-0.001093382269686697
2.5,0.016404052006496812
2.52,0.025023387322041787
2.54,0.007976761512698508
2.56,0.013105413758132085
2.58,0.0663125126513893
2.6,0.05517152594598059
2.62,-0.12901747292022345
2.64,-0.01428473496769569
2.66,-0.0074092962394778075
2.68,-0.0788444357727137
2.7,0.004238237620454047
2.72,0.056194099758472796
2.74,-0.04889555368157656
2.7600000000000002,0.015138042241044253
2.7800000000000002,-0.0412120564783397
2.8000000000000003,-0.030236041065585455
2.82,0.06648271353765157
2.84,-0.024415101905032124
2.86,0.020799562005478108
2.88,-0.08420481522274442
2.9,0.0838042902627696
2.92,0.02711936008379245
2.94,-0.008212492919261774
2.96,0.025899592949995262
2.98,-0.06344187430265147
3.0,0.05321388337886957
3.02,-0.014579314897339357
3.04,-0.009183128177179561
3.06,-0.0221245026734468
3.08,-0.02612931312355131
3.1,0.031260177523278386
3.12,0.011515808254690028
3.14,0.029328666363136795
3.16,-0.00039576102685071534
3.18,0.023093991498473146
3.2,-0.018848193476626723
3.22,0.10033793286342968
3.24,-0.07055686873937243
3.2600000000000002,0.0567421795603343
3.2800000000000002,0.06155583528244368
3.3000000000000003,-0.03834714626845172
3.3200000000000003,0.1003173124750188
3.34,0.04479706273253931
3.36,0.04370125530703102
3.38,0.001260998416164451
3.4,-0.00977517711984044
3.42,-0.009423397216782365
3.44,0.017573876834378273
3.46,0.06305338237652533
3.48,0.008159139803763881
3.5,-0.04101496304117806
3.52,0.037099217807324086
3.54,0.04145178358776565
3.56,0.02945967878015037
3.58,0.033547450793624214
3.6,-0.012191765857101364
3.62,-0.04180451252087608
3.64,-0.03906870437883509
3.66,-0.07359584618060361
3.68,0.010662687519567738
3.7,-0.0037551952451967126
3.72,-0.019799446703836893
3.74,-0.13300284709552815
3.7600000000000002,-0.0561292861362376
3.7800000000000002,0.0504378293131425
3.8000000000000003,-0.029908170002840892
3.8200000000000003,0.01622662549455786
3.84,-0.06258084434888653
3.86,0.06474174670616539
3.88,-0.006481244702460438
3.9,0.013051817841759083
3.92,0.10466009063467582
3.94,0.06823980452652316
3.96,-0.013795452957917599
3.98,-0.026694908319166162
4.0,-0.01464952551837893
4.0200000000000005,0.022945421181444103
4.04,-0.004735086041289201
4.0600000000000005,-0.017785986525156224
4.08,0.0660231562819069
4.1,-0.00513944513000266
4.12,0.10348150918667937
4.14,0.004083415368847786
4.16,0.08033932774011274
4.18,0.016079374021978204
4.2,0.04333322579622515
4.22,-0.032607497318297596
4.24,-0.038419165016433526
4.26,0.02068676797567444
4.28,0.04448489591093918
4.3,0.0018115425900208288
4.32,-0.05788770007876637
4.34,-0.06121162648301971
4.36,-0.06422113809838086
4.38,-0.07954299508227214
4.4,0.004926841175118938
4.42,0.05062697647686113
4.44,-0.0006037104116163945
4.46,-0.10171866408020336
4.48,-0.008584220715054693
4.5,-0.00732595484846732
4.5200000000000005,0.09431994376014477
4.54,-0.06557120608138003
4.5600000000000005,-0.017580492116963806
4.58,0.07676337062450539
4.6000000000000005,0.020249025360594662
4.62,0.02534908830823911
4.64,0.00515629966607452
4.66,0.014847459239576904
4.68,0.03499242886253412
4.7,-0.036426884350174486
4.72,0.03951263605086899
4.74,-0.06178513575984926
4.76,0.014776558777419214
4.78,0.008043343347884722
4.8,-0.027733188968644854
4.82,-0.0010208373896541032
4.84,-0.028014306869949886
4.86,-0.048226559708778496
4.88,-0.015912663372613996
4.9,-0.04967948859172477
4.92,0.014525885884196165
4.94,-0.05175384723685635
4.96,0.03203896603459731
4.98,-0.0531665580567969
5.0,-0.025483271201145283
5.0200000000000005,-0.028107153369683054
5.04,0.059631602799367744
5.0600000000000005,0.014863047552746634
5.08,-0.00952802111449774
5.1000000000000005,0.022442374848137547
5.12,-0.09482365562983595
5.14,-0.001941011533840835
5.16,0.08988813800121431
5.18,0.005955592788120265
5.2,0.0030560926126200973
5.22,0.024665777083898822
5.24,0.040302235949145546
5.26,-0.08988600118004368
5.28,-0.07570469168059621
5.3,0.009463108098876594
5.32,-0.03216944528538793
5.34,0.059041136799896136
5.36,-0.014182847544835075
5.38,-0.0870538831070903
5.4,-0.05706062625797986
5.42,-0.12373542088337589
5.44,-0.010535649177731064
5.46,-0.00847728572689725
5.48,-0.0191008219401854
5.5,0.04854955675633824
5.5200000000000005,0.053933392643251206
5.54,-0.007667479051025004
5.5600000000000005,-0.09606121503645851
5.58,0.02777767112215163
5.6000000000000005,0.024991210282885895
5.62,0.013922620657062526
5.64,0.04416658871886521
5.66,-0.0524172643407468
5.68,0.09039399237833125
5.7,-0.04317424889138406
5.72,0.033715031724038454
5.74,-0.07593064624860082
5.76,-0.04186191092715229
5.78,0.06823658910264012
5.8,-0.011740492035038245
5.82,0.03779651723097591
5.84,0.010662992492366075
5.86,-0.00472311702000777
5.88,0.061373264621971034
5.9,-0.010649647109335515
5.92,-0.08013321484035617
5.94,-0.036145804137826726
5.96,0.024803627791576237
5.98,0.017797909786312866
6.0,-0.07051762126059472
6.0200000000000005,-0.03259541337336905
6.04,-0.026177460714101097
6.0600000000000005,-0.016446131735140125
6.08,-0.06191611148706981
6.1000000000000005,-0.028276699865376537
6.12,-0.03278747183667873
6.140000000000001,0.034718996689286366
6.16,0.03641045899456097
6.18,-0.006561470613996719
6.2,-0.017641790814182916
6.22,0.006296594041760103
6.24,-0.03674587983550087
6.26,-0.05160744369753484
6.28,-0.04230995440165726
6.3,-0.02856659237871555
6.32,-0.0523563209906522
6.34,0.0072926801578293635
6.36,0.03283720532026688
6.38,-0.07141942353592087
6.4,0.0011307920047215006
6.42,-0.009897110786985101
6.44,0.015367890849156131
6.46,-0.0005822445646614628
6.48,-0.06541196759692339
6.5,-0.056807518448572444
6.5200000000000005,0.0013240609013237725
6.54,0.04629514138854792
6.5600000000000005,-0.09963843169693512
6.58,0.015557696091071098
6.6000000000000005,0.05353299023794394
6.62,-0.0068861644292795895
6.640000000000001,0.024759112321189835
6.66,-0.0316381086404011
6.68,-0.005371478967459457
6.7,-0.07294110832386681
6.72,-0.10549544887884932
6.74,0.042424461055137384
6.76,-0.044324771747599884
6.78,-0.020498753025154373
6.8,-0.06238990139715869
6.82,-0.06344863663877441
6.84,-0.007822696504257735
6.86,-0.032830973736104094
6.88,0.01700869490976143
6.9,0.020364228854081633
6.92,0.014438234084607322
6.94,0.010737035591779966
6.96,0.07099956922193487
6.98,-0.04804171960701987
7.0,-0.0024720689791312986
7.0200000000000005,0.05097104192338149
7.04,0.05690429142021164
7.0600000000000005,-0.06397936422050578
7.08,-0.014055994874514146
7.1000000000000005,0.06111544931402672
7.12,0.022863559733957938
7.140000000000001,0.008786836416589774
7.16,-0.009795811204559553
7.18,-0.017271041656848545
7.2,0.012969857839064588
7.22,-0.01135683562430175
7.24,-0.0019160379469999882
7.26,0.0035369417751766816
7.28,-0.03051321878220746
7.3,0.023945821824664724
7.32,0.13114100917869387
7.34,-0.07996439876967337
7.36,0.014580563588549094
7.38,-0.03420855398785075
7.4,0.025983115988366248
7.42,0.0020950862997537413
7.44,0.03428346483191085
7.46,0.05289779594289508
7.48,0.008658950299568159
7.5,0.050942352978638014
7.5200000000000005,-0.10549340522049047
7.54,0.07157035340622105
7.5600000000000005,0.016877796835155303
7.58,0.048502951008533184
7.6000000000000005,-0.05489440851786847
7.62,-0.037384644672240105
7.640000000000001,0.006567223236514836
7.66,-0.0007667050201858357
7.68,0.01273808646044953
7.7,0.04880318224184847
7.72,-0.0794349141886282
7.74,0.04382185822727891
7.76,0.0003726859481067158
7.78,-0.009170183750604648
7.8,-0.06620018554732006
7.82,0.022637190076958923
7.84,-0.10863485329639667
7.86,0.02917773050574207
7.88,-0.06714476259628463
7.9,0.0024056060677863315
7.92,-0.005362597679756419
7.94,0.05262921662822476
7.96,-0.008039482605625058
7.98,-0.03123623525155495
8.0,-0.022797121318704133
8.02,0.05727972459395986
8.040000000000001,0.024133363613140214
8.06,-0.017353349168542257
8.08,-0.010640088898403104
8.1,-0.07052296907634512
8.120000000000001,0.017481339038319343
8.14,-0.07919170684629595
8.16,0.033830840962595525
8.18,0.005787971662106962
8.2,0.1074128309808265
8.22,-0.04950609991759376
8.24,-0.004619794096828482
8.26,0.08092294654153782
8.28,0.05361253381311364
8.3,-0.031329542321095485
8.32,0.010078534276805148
8.34,8.997103867892548e-05
8.36,0.012688014032737073
8.38,-0.031440619619317337
8.4,-0.004019418121533053
8.42,-0.07191235688745211
8.44,0.006080555334063692
8.46,0.02025093030398244
8.48,-0.01023387356897478
8.5,-0.07267729007631545
8.52,0.04448393382831581
8.540000000000001,0.016403626709676104
8.56,-0.03267067939654396
8.58,-0.012627020107712878
8.6,-0.06753012312518274
8.620000000000001,-0.046143455750005696
8.64,-0.024201510586071274
8.66,0.0552789365526068
8.68,-0.028777652589936403
8.700000000000001,0.02880961466979414
8.72,-0.024224229128771087
8.74,0.011157640238334368
8.76,-0.006362797596471097
8.78,0.03928754700417345
8.8,-0.024066510219835104
8.82,-0.07076377125010984
8.84,-0.062187706411363466
8.86,-0.023934487227424084
8.88,-0.05620769868051237
8.9,0.018459540705579806
8.92,-0.0209595674186135
8.94,0.10685729475118941
8.96,-0.07819715678117094
8.98,0.009163493041941055
9.0,-0.0507578860577551
9.02,-0.022203060317220535
9.040000000000001,0.006363876300324488
9.06,-0.1046417118693429
9.08,0.010657175255461237
9.1,0.08563083580233755
9.120000000000001,-0.02040472342658668
9.14,0.011691353556247928
9.16,0.04612147619064297
9.18,-0.007377907501214844
9.200000000000001,-0.026143208483916745
9.22,-0.10240813816747885
9.24,0.0288445823727738
9.26,-0.005092578437800375
9.28,-0.045570773312467276
9.3,0.0056968519624962105
9.32,-0.02626561605627816
9.34,-0.02377917590019865
9.36,0.02728310202489187
9.38,-0.060227208509573
9.4,0.04712918787331913
9.42,-0.06289587734032816
9.44,-0.02982156337598687
9.46,0.08653257873299597
9.48,0.050730964273908996
9.5,0.004392179662294808
9.52,-0.04232385969755474
9.540000000000001,-0.023817253801495193
9.56,0.003297389156356338
9.58,0.001688545455281929
9.6,-0.004089191833168328
9.620000000000001,-0.001387463133788295
9.64,-0.009646879936730133
9.66,-0.06488904310380057
9.68,-0.023242983397237477
9.700000000000001,0.04115808242940809
9.72,-0.061575043389800285
9.74,-0.008529998019267532
9.76,-0.03688892679468798
9.78,0.005010769322915009
9.8,-0.017488493148006816
9.82,0.06648271492386011
9.84,0.02279624193856142
9.86,-0.05903114245997451
9.88,0.030205260522616437
9.9,-0.03485933353179283
9.92,-0.02596483671198901
9.94,0.014121855904820482
9.96,-0.02212863388785606
9.98,0.04017851173453299
10.0,0.2045793344720864
10.02,0.664071275007912
10.040000000000001,0.944647990881508
10.06,1.3430469155009517
10.08,1.6327631345879352
10.1,2.498196272545385
10.120000000000001,3.4384083963717025
10.14,3.629639850895076
10.16,3.9630548982282265
10.18,4.5929445627387375
10.200000000000001,4.758923485332961
10.22,5.4121298939328035
10.24,5.929170062303911
10.26,6.352793607652813
10.28,6.929810369605748
10.3,7.302466660816148
10.32,7.784777033516556
10.34,8.009285484497402
10.36,8.669557868599433
10.38,9.195976448992605
10.4,9.217344037466349
10.42,9.635495993413798
10.44,10.369427326792339
10.46,10.535464056066091
10.48,11.164611725862354
10.5,11.272367220264602
10.52,11.936618064234143
10.540000000000001,12.112669829679595
10.56,12.50130568264761
10.58,13.062007848993645
10.6,13.132932586957796
10.620000000000001,13.401161066071111
10.64,13.825472315569913
10.66,14.306393249270819
10.68,14.344885623348022
10.700000000000001,15.012057224475445
10.72,15.167848630111715
10.74,15.748663662899084
10.76,15.540838132743207
10.78,16.10119321492659
10.8,16.281180996913626
10.82,16.721018169797368
10.84,17.18878733121375
10.86,17.427376317227562
10.88,17.71486834982014
10.9,18.02365682553194
10.92,18.368799645067675
10.94,18.473916827951022
10.96,19.014330484412927
10.98,19.287059047305558
11.0,19.521070929344734
11.02,19.818800321789098
11.040000000000001,20.04818540908202
11.06,20.57383116154864
11.08,20.51684563594326
11.1,20.74172547365783
11.120000000000001,20.929221459197652
11.14,21.13850351901696
11.16,21.354438797621597
11.18,21.652274985797302
11.200000000000001,22.016239378063336
11.22,22.31503728158872
11.24,22.507462943480853
11.26,22.61674877122236
11.28,23.095324188597758
11.3,23.29689652049787
11.32,23.384736286623443
11.34,23.530495413051547
11.36,23.927535780942065
11.38,24.087434394742356
11.4,24.053152076343817
11.42,24.46851051560746
11.44,24.72358993280667
11.46,24.752184515819014
11.48,25.11578264481901
11.5,25.06659898035364
11.52,25.680150415055127
11.540000000000001,25.85923372381364
11.56,25.82393512150335
11.58,26.103588875165983
11.6,25.872360230513518
11.620000000000001,26.242726825162645
11.64,26.55202764770632
11.66,26.61280709220326
11.68,27.055967687473014
11.700000000000001,27.421263618105176
11.72,27.11574833903263
11.74,27.334933254083012
11.76,27.66195296960109
11.78,28.03218634449353
11.8,27.768875376630934
11.82,28.149157685913412
11.84,28.542454350559463
11.86,28.176867410211077
11.88,28.38578478709726
11.9,28.66568744523254
11.92,28.80041971994392
11.94,29.147700537277945
11.96,29.20741066837738
11.98,29.04834361241967
12.0,29.533426035806052
12.02,29.50913569996474
12.040000000000001,29.924736004398955
12.06,29.7754080098398
12.08,29.908230070031326
12.1,30.217291183956416
12.120000000000001,30.381205890136023
12.14,30.462896919642688
12.16,30.27005005510741
12.18,30.729117611789505
12.200000000000001,30.617126502050333
12.22,30.929783881385735
12.24,30.801533273306738
12.26,31.20104539433104
12.280000000000001,31.130534686265307
12.3,31.175001466513336
12.32,31.58880711889206
12.34,31.630803830220923
12.36,31.613789362221503
12.38,32.03341690922347
12.4,31.858041416978324
12.42,32.03591889981062
12.44,32.17698652053512
12.46,32.14784841824503
12.48,32.414238123285365
12.5,32.36495803442282
12.52,32.483295210091164
12.540000000000001,32.84817708063377
12.56,32.58512471132882
12.58,32.475437033900846
12.6,33.17386271898791
12.620000000000001,33.40823293637172
12.64,33.057415057260584
12.66,32.918827996314526
12.68,33.252722117414336
12.700000000000001,33.34511102866044
12.72,33.44713017610102
12.74,33.39502491990063
12.76,33.734237127094644
12.780000000000001,33.810119506455436
12.8,33.590308575056916
12.82,34.00127527947888
12.84,34.28513976743944
12.86,34.08280159115487
12.88,34.085122740475725
12.9,34.19209245227907
12.92,34.38232412375416
12.94,34.106062422332116
12.96,34.464947648332526
12.98,34.45535692249224
13.0,34.8637624224789
13.02,34.632162517594594
13.040000000000001,34.97922167478148
13.06,34.63329046019566
13.08,34.95582880932353
13.1,34.98362592800534
13.120000000000001,34.872434424876985
13.14,35.095588147090766
13.16,35.31616713426777
13.18,35.15016610389874
13.200000000000001,35.00853244207239
13.22,35.32244212989814
13.24,35.25163169425863
13.26,35.3967425203865
13.280000000000001,35.49614475865971
13.3,35.31202583310432
13.32,35.38422771075898
13.34,35.75681177409986
13.36,35.663252020404435
13.38,35.41334920014685
13.4,35.97144146103011
13.42,35.949487194669636
13.44,35.855740018478095
13.46,35.81876848982886
13.48,36.194427760272696
13.5,36.17352387880786
13.52,36.52988674877048
13.540000000000001,36.286219361956654
13.56,36.33136976647175
13.58,36.2975357794044
13.6,36.49379824850362
13.620000000000001,36.51310643311075
13.64,36.65452761814937
13.66,36.43536750372516
13.68,36.4944320755536
13.700000000000001,36.533443365562505
13.72,36.76889123448901
13.74,36.919393761265155
13.76,36.66959051146813
13.780000000000001,36.71789967084975
13.8,36.87135429249734
13.82,36.82944087537495
13.84,37.05061843023899
13.86,36.61099933982348
13.88,36.86517327787907
13.9,36.91169442133243
13.92,36.720353130586695
13.94,36.96268924691416
13.96,37.00827580036767
13.98,37.153190258307035
14.0,37.38760683483698
14.02,37.22071473615028
14.040000000000001,37.139176091098676
14.06,37.32109817358904
14.08,37.522385866160086
14.1,37.25351601906138
14.120000000000001,37.297761382326726
14.14,37.5521116095055
14.16,37.468630417489145
14.18,37.63207098748072
14.200000000000001,37.565550476221986
14.22,37.70506381980333
14.24,37.47634262707602
14.26,37.661160663801724
14.280000000000001,37.66232339894576
14.3,37.542086827540324
14.32,37.520087794454355
14.34,37.88721167595503
14.36,37.76105239807072
14.38,37.689310465738664
14.4,37.856799385904644
14.42,38.06862431922538
14.44,37.585132636285174
14.46,37.73020083653663
14.48,37.84335338579594
14.5,38.227694095293494
14.52,38.0772821793084
14.540000000000001,38.176019227194786
14.56,37.91558028236313
14.58,37.944016653794336
14.6,38.20412604861307
14.620000000000001,38.170370883678544
14.64,38.268289473578974
14.66,38.181854421359205
14.68,38.27543482218048
14.700000000000001,38.2808253079789
14.72,38.39685688348107
14.74,38.42402159907122
14.76,38.082466440653626
14.780000000000001,38.01053613686526
14.8,38.51977365051308
14.82,38.56926615669766
14.84,38.25932346203455
14.86,38.15446888505868
14.88,38.46904819733504
14.9,38.61429267207077
14.92,38.7645089060781
14.94,38.592249570443705
14.96,38.47871859846622
14.98,38.41991713660042
15.0,38.574757959860506
15.02,38.54705041131014
15.040000000000001,38.45832945635114
15.06,38.93630550521228
15.08,38.91492619492749
15.1,38.83547650412027
15.120000000000001,38.54462258433916
15.14,38.82844980385719
15.16,38.81335654831026
15.18,38.800782093271
15.200000000000001,38.93861270360733
15.22,38.863009230119154
15.24,38.89502726110633
15.26,38.89566645862365
15.280000000000001,38.86714130448464
15.3,38.56416251300308
15.32,38.85972123313643
15.34,38.779018217605255
15.36,38.68553757305593
15.38,39.144653358792986
15.4,39.166400403241155
15.42,39.12541012345822
15.44,38.974093245880006
15.46,39.15250000951538
15.48,38.96562254038305
15.5,39.00795826327437
15.52,38.82706030102161
15.540000000000001,39.06399267108309
15.56,39.026687843129515
15.58,38.835243468647185
15.6,39.0358007187153
15.620000000000001,39.04418979975621
15.64,39.338284560000815
15.66,39.21511795923268
15.68,39.094874968076695
15.700000000000001,39.14248722222354
15.72,39.123652872608325
15.74,39.09827883194552
15.76,38.97789186658816
15.780000000000001,39.128985335435225
15.8,39.05096472822245
15.82,38.986419661893024
15.84,39.26159093843681
15.860000000000001,39.25439313131732
15.88,38.93835008351998
15.9,39.198465198179214
15.92,39.37659555971863
15.94,39.39635898916998
15.96,39.40145046933805
15.98,39.263377672073915
16.0,39.14061764525526
16.02,39.11452312728609
16.04,39.338343672662205
16.06,39.35299310852984
16.080000000000002,39.49852379710571
16.1,39.47962062292221
16.12,39.303867075412114
16.14,39.14602795793548
16.16,39.29363167589969
16.18,39.382804101543584
16.2,39.32851317412577
16.22,39.280633795096826
16.240000000000002,39.41363040544617
16.26,39.3083728051585
16.28,39.29791581828555
16.3,39.44689485232641
16.32,39.34782259970532
16.34,39.45257648020957
16.36,39.46467692970332
16.38,39.26041502502017
16.4,39.36667515701478
16.42,39.66196005752829
16.44,39.2793153424104
16.46,39.14336572038577
16.48,39.18872788531587
16.5,39.47941734250886
16.52,39.48664130877155
16.54,39.4712228657048
16.56,39.67776287542917
16.580000000000002,39.10138947687203
16.6,39.568296485041884
16.62,39.74962658936597
16.64,39.35266204912294
16.66,39.471191482441455
16.68,39.42147808350669
16.7,39.40642660361126
16.72,39.49772417305985
16.740000000000002,39.766790635302215
16.76,39.83420068611388
16.78,39.5140481695018
16.8,39.85596701963021
16.82,39.58123698473007
16.84,39.84457129626809
16.86,39.57306557592968
16.88,39.61218836582263
16.9,39.65274774111108
16.92,40.08008001963892
16.94,39.73619966745119
16.96,39.50760241540577
16.98,39.76415836113554
17.0,39.56958261737754
17.02,39.55537691708223
17.04,39.77004561000214
17.06,39.64326909457028
17.080000000000002,39.68517924523919
17.1,39.65021384523557
17.12,39.703264176768634
17.14,39.7211205087155
17.16,39.37136858861397
17.18,39.76637742809666
17.2,39.523507205064654
17.22,39.45882531442656
17.240000000000002,39.670710816524725
17.26,39.696314988433436
17.28,39.583881019310226
17.3,39.81669534467414
17.32,39.49479316394126
17.34,39.63910272544276
17.36,39.616384707908516
17.38,39.70104667557756
17.400000000000002,39.7537314411061
17.42,39.564533670029185
17.44,39.828125288315015
17.46,39.7326486457228
17.48,39.443072546329994
17.5,39.43669340397703
17.52,39.73220394680737
17.54,39.7044291834158
17.56,39.72553705023223
17.580000000000002,39.740282448747955
17.6,39.78169811662983
17.62,39.89335108083954
17.64,39.58783317176427
17.66,39.58195479022102
17.68,39.596960505516655
17.7,39.807462642526296
17.72,39.953991373569956
17.740000000000002,39.705631096837905
17.76,39.39811895128141
17.78,39.520776624168974
17.8,39.65438191475017
17.82,39.69860073017062
17.84,39.72388569943646
17.86,39.79377689501232
17.88,39.744035818708674
17.900000000000002,39.95096955962157
17.92,39.69490017243983
17.94,39.669653011244996
17.96,39.87349423908133
17.98,39.5739435405015
18.0,39.86533575604474
18.02,39.82482279446454
18.04,39.78984738220894
18.06,40.05269568139924
18.080000000000002,39.723580671765745
18.1,40.1283814878741
18.12,39.78791490026206
18.14,39.632538313269585
18.16,39.83690860631967
18.18,39.667282919273084
18.2,39.718224902016985
18.22,39.89278180708616
18.240000000000002,39.918773009270204
18.26,39.7442901685137
18.28,39.98787685407334
18.3,40.01551451833227
18.32,40.05942778127292
18.34,39.92546095516444
18.36,40.052602307733494
18.38,39.56798028657188
18.400000000000002,39.804399469046416
18.42,39.72399376715552
18.44,39.87386159101753
18.46,39.772167880871635
18.48,39.834843874145115
18.5,40.143951138572014
18.52,39.83799969280113
18.54,39.92733499101249
18.56,39.83221027207463
18.580000000000002,39.88016855709978
18.6,39.87145163558049
18.62,39.93951229919157
18.64,40.0487516663943
18.66,40.122734074232675
18.68,39.9237153139653
18.7,39.967329843090305
18.72,39.707872112716025
18.740000000000002,39.868903012199304
18.76,40.02468971470004
18.78,40.01508267672636
18.8,39.91844951544467
18.82,40.021167682933715
18.84,39.96330425449766
18.86,40.07119623494668
18.88,39.93599586646541
18.900000000000002,39.840659847260554
18.92,39.94579454268154
18.94,39.457214364741
18.96,39.95560320224152
18.98,39.35225713534785
19.0,39.642330401822534
19.02,39.96992842993449
19.04,39.97508837376609
19.06,39.73037332643433
19.080000000000002,39.79918407167178
19.1,40.11282554927477
19.12,39.835868414147214
19.14,40.24612324192454
19.16,39.91059342206543
19.18,39.97326718801049
19.2,40.15575764899327
19.22,39.93402985775722
19.240000000000002,39.76515827202707
19.26,39.900169809488794
19.28,39.912391553183056
19.3,39.71411152671794
19.32,39.8815231430631
19.34,39.809630078305915
19.36,40.06065944266432
19.38,39.92823058104996
19.400000000000002,39.88163877619219
19.42,39.909136686637716
19.44,39.959524794501654
19.46,40.019557991496505
19.48,39.77804542545037
19.5,39.77271771327744
19.52,40.09559870864408
19.54,39.868974800695
19.56,39.71921522492716
19.580000000000002,39.999217517497826
19.6,40.003043179977944
19.62,39.70481070277379
19.64,39.9697088717746
19.66,40.04648119663977
19.68,39.99314746645843
19.7,40.032621285160836
19.72,39.72800720811341
19.740000000000002,39.98911619904709
19.76,39.894869052052876
19.78,39.86863471209715
19.8,40.07241731767122
19.82,40.16449555243217
19.84,40.21252007977618
19.86,40.14133587939733
19.88,39.92839476320037
19.900000000000002,39.998493302952035
19.92,40.06132942344732
19.94,39.96519385351348
19.96,39.96733353843327
19.98,40.071974334602295
20.0,39.94020225104252
20.02,39.84037584064146
20.04,39.88826322426423
20.06,40.04617723201064
20.080000000000002,39.952187465121675
20.1,40.00340918410862
20.12,40.05352032373109
20.14,39.897404613609176
20.16,40.06768220970176
20.18,40.011677393444145
20.2,39.77022703104948
20.22,40.17238478362879
20.240000000000002,39.881509608858856
20.26,39.70893156253664
20.28,39.80100624143158
20.3,39.805165448675716
20.32,39.966700235991645
20.34,39.918341366421764
20.36,39.909431636651156
20.38,40.05344209720113
20.400000000000002,40.01199145246663
20.42,40.00893374316146
20.44,40.02351040561767
20.46,40.054959162441065
20.48,39.64684212635777
20.5,39.90885898353815
20.52,39.63697632086779
20.54,39.96989353002157
20.56,39.96425999167602
20.580000000000002,40.12224894491026
20.6,40.14402228097614
20.62,39.99674533130271
20.64,39.89172087842113
20.66,40.03998926613129
20.68,39.88846168435639
20.7,39.967868911628706
20.72,40.116421061139306
20.740000000000002,39.88525211597289
20.76,40.090181292230646
20.78,40.07134592750632
20.8,39.826917795095305
20.82,40.1166162232267
20.84,40.0757073533143
20.86,39.98659641270152
20.88,39.85733903801934
20.900000000000002,39.843181647667194
20.92,39.89178319091683
20.94,40.05418687299712
20.96,39.829814218408686
20.98,40.03914034884449
21.0,39.787600991473546
21.02,39.94360019598147
21.04,39.99099922480456
21.06,40.3416586372035
21.080000000000002,39.76862435671942
21.1,40.196352074528335
21.12,39.99835008940955
21.14,40.037869063591806
21.16,39.99426077910638
21.18,40.04352875472402
21.2,39.95407398523943
21.22,40.19553723059572
21.240000000000002,39.909257971670115
21.26,40.147858809646486
21.28,39.88165962933423
21.3,39.96956413873053
21.32,39.8180909470115
21.34,40.047418548296726
21.36,40.19620984011654
21.38,39.9681098209404
21.400000000000002,39.95044908785679
21.42,39.813054534132554
21.44,39.94611480480778
21.46,39.741847722959434
21.48,39.844089903711684
21.5,40.01529087445026
21.52,40.179372983709946
21.54,40.403147384544496
21.56,39.894019502219265
21.580000000000002,40.1975405993407
21.6,40.019043602379284
21.62,39.960025623199265
21.64,40.047830904531494
21.66,39.99245514326087
21.68,39.99994997102857
21.7,39.922360626416804
21.72,39.774111226810916
21.740000000000002,39.75249809521993
21.76,40.08223997086598
21.78,39.94295678817074
21.8,39.895254267657684
21.82,39.98614652173717
21.84,40.10431090109149
21.86,40.012323385961025
21.88,39.88705566644405
21.900000000000002,40.16960037848808
21.92,40.22272423878365
21.94,40.06021737360004
21.96,40.132268381065025
21.98,40.172695382929554
22.0,40.15609639234458
22.02,40.07887409737985
22.04,40.076686649852064
22.06,40.06505672799721
22.080000000000002,39.82267774800888
22.1,40.09255536826414
22.12,39.78424106291427
22.14,39.86858730202478
22.16,40.18347386920423
22.18,40.114131877986466
22.2,40.21136622579383
22.22,39.94766086577906
22.240000000000002,39.81572817801659
22.26,39.952651372694135
22.28,40.004171088982474
22.3,40.00086216465212
22.32,40.15921143869836
22.34,39.93511238556585
22.36,40.042249800792256
22.38,39.84129036177405
22.400000000000002,40.05726997837966
22.42,39.99032479452646
22.44,39.87752083362354
22.46,39.95475097332958
22.48,39.962629803453694
22.5,39.94986195154266
22.52,40.25621375347624
22.54,39.97587132630305
22.56,39.954177805295856
22.580000000000002,39.676266931058166
22.6,39.85687420423593
22.62,39.95166342661734
22.64,39.88836409421158
22.66,40.19861413299541
22.68,39.96673178965059
22.7,40.184852039298754
22.72,40.000952546998846
22.740000000000002,39.99739100120772
22.76,39.97859587585491
22.78,39.99259186072865
22.8,40.249947335159646
22.82,39.644290737933865
22.84,39.69210336658858
22.86,39.91096112225752
22.88,39.99471610326988
22.900000000000002,40.0961514319679
22.92,40.063696386015316
22.94,39.93519266556122
22.96,40.14578107789656
22.98,40.14754754791915
23.0,40.0207193844523
23.02,40.13760059316906
23.04,40.0341887857865
23.06,39.90915838867822
23.080000000000002,40.09814103821312
23.1,40.010146989246834
23.12,39.993841360579076
23.14,40.21466765148497
23.16,39.626176912825755
23.18,39.781237122169124
23.2,39.81591011304002
23.22,39.93956143726845
23.240000000000002,39.95593810864803
23.26,39.76810824296673
23.28,39.846510111439926
23.3,39.86523327443638
23.32,40.363047847188916
23.34,40.26476924321794
23.36,39.93281827970278
23.38,39.94011497666232
23.400000000000002,39.82234269779692
23.42,39.70857362446383
23.44,39.977330121889345
23.46,39.84525240235791
23.48,39.98226976877794
23.5,39.75503273048001
23.52,39.88083282080545
23.54,40.01748756959264
23.56,40.05018860620942
23.580000000000002,40.05794077841486
23.6,39.797308623026666
23.62,40.12364599522206
23.64,39.87547173614175
23.66,40.09049173336213
23.68,39.994026011413844
23.7,39.78922167642451
23.72,39.948307365931946
23.740000000000002,40.05059804538757
23.76,40.08779400577193
23.78,39.974755990775655
23.8,40.22572525751667
23.82,40.14713856959564
23.84,39.95756665751236
23.86,40.108635168211606
23.88,40.28623735024828
23.900000000000002,40.29029176747017
23.92,39.81206917293803
23.94,39.857338602825365
23.96,40.21910514746031
23.98,39.83767328595824
24.0,39.79808175045986
24.02,39.92358064889501
24.04,40.05959000247254
24.060000000000002,39.98124210533472
24.080000000000002,39.89906207937364
24.1,39.89555916811906
24.12,39.88988430439035
24.14,39.86485166595072
24.16,40.33906571524939
24.18,40.04148955254184
24.2,40.12991830051437
24.22,39.92358382229597
24.240000000000002,39.96909239805555
24.26,39.88999272369956
24.28,39.5993089631881
24.3,39.7904026926721
24.32,39.725549638138425
24.34,39.65971272136077
24.36,39.81791378853729
24.38,40.19599783856767
24.400000000000002,39.990625425384714
24.42,40.190911297134775
24.44,40.05900952631342
24.46,40.11478090166737
24.48,39.86229700379764
24.5,40.07605821488592
24.52,40.10680627496016
24.54,39.91103516950199
24.560000000000002,40.08149600370228
24.580000000000002,40.082525363764354
24.6,39.91519613150612
24.62,39.82924516301951
24.64,39.82007216532985
24.66,40.01069782323607
24.68,40.046803644114306
24.7,39.878903061454025
24.72,40.001799115120114
24.740000000000002,40.083420858134936
24.76,40.09059751475505
24.78,40.23067915154824
24.8,40.1894721104857
24.82,39.84775875397175
24.84,40.25051751953424
24.86,39.918359872448846
24.88,40.15476367559676
24.900000000000002,40.00825680349481
24.92,39.93626211357153
24.94,39.72695536159198
24.96,39.9724002482195
24.98,39.76425214207598
